Workbook

Sheet Actual
A1: Patient | B1: Diagnosis
A2: 1 | B2: 1
A3: 2 | B3: 0
A4: 3 | B4: 1
A5: 4 | B5: 0
A6: 5 | B6: 1
A7: 6 | B7: 1
A8: 7 | B8: 0
A9: 8 | B9: 0
A10: 9 | B10: 1
A11: 10 | B11: 1
A12: 11 | B12: 0
A13: 12 | B13: 0
... A64: 63 | B64: 0

Sheet Results
A1: CANCER STAGE
A2: PROMPT VARIATIONS | L2: SAME PROMPT
A3: Patient | B3: Actual Stage | C3: prompt1 | D3: prompt2 | E3: prompt3 | F3: prompt4 | G3: prompt5 | H3: Row accuracy | I3: Consensus rate | L3: Patient | M3: Actual Stage | N3: classify1 | O3: classify2 | P3: classify3 | Q3: classify4 | R3: classify5 | S3: Row accuracy | T3: Consensus rate
A4: 1 | B4: =Actual!$B2 -> 1 | C4: =prompt1!B2 -> 1 | D4: =prompt2!B2 -> 1 | E4: =prompt3!B2 -> 1 | F4: =prompt4!B2 -> 1 | G4: =prompt5!B2 -> 1 | H4: =COUNTIF($C4:$G4,$B4)/COLUMNS($C4:$G4) -> 1 | I4: =MAX(COUNTIF($C4:$G4,$C4),COUNTIF($C4:$G4,$D4),COUNTIF($C4:$G4,$E4),COUNTIF($C4:$G4,$F4),COUNTIF($C4:$G4,$G4)) / COLUMNS($C4:$G4) -> 1 | L4: 1 | M4: =Actual!$B2 -> 1 | N4: =classify1!B2 -> 1 | O4: =classify2!B2 -> 1 | P4: =classify3!B2 -> 1 | Q4: =classify4!B2 -> 1 | R4: =classify5!B2 -> 1 | S4: =COUNTIF($N4:$R4,$M4)/COLUMNS($N4:$R4) -> 1 | T4: =MAX(COUNTIF($N4:$R4,$N4),COUNTIF($N4:$R4,$O4),COUNTIF($N4:$R4,$P4),COUNTIF($N4:$R4,$Q4),COUNTIF($N4:$R4,$R4)) / COLUMNS($N4:$R4) -> 1
A5: =A4+1 -> 2 | B5: =Actual!$B3 -> 0 | C5: =prompt1!B3 -> 0 | D5: =prompt2!B3 -> 0 | E5: =prompt3!B3 -> 0 | F5: =prompt4!B3 -> 0 | G5: =prompt5!B3 -> 0 | H5: =COUNTIF($C5:$G5,$B5)/COLUMNS($C5:$G5) -> 1 | I5: =MAX(COUNTIF($C5:$G5,$C5),COUNTIF($C5:$G5,$D5),COUNTIF($C5:$G5,$E5),COUNTIF($C5:$G5,$F5),COUNTIF($C5:$G5,$G5)) / COLUMNS($C5:$G5) -> 1 | L5: =L4+1 -> 2 | M5: =Actual!$B3 -> 0 | N5: =classify1!B3 -> 0 | O5: =classify2!B3 -> 0 | P5: =classify3!B3 -> 0 | Q5: =classify4!B3 -> 0 | R5: =classify5!B3 -> 0 | S5: =COUNTIF($N5:$R5,$M5)/COLUMNS($N5:$R5) -> 1 | T5: =MAX(COUNTIF($N5:$R5,$N5),COUNTIF($N5:$R5,$O5),COUNTIF($N5:$R5,$P5),COUNTIF($N5:$R5,$Q5),COUNTIF($N5:$R5,$R5)) / COLUMNS($N5:$R5) -> 1
A6: =A5+1 -> 3 | B6: =Actual!$B4 -> 1 | C6: =prompt1!B4 -> 1 | D6: =prompt2!B4 -> 1 | E6: =prompt3!B4 -> 1 | F6: =prompt4!B4 -> 1 | G6: =prompt5!B4 -> 1 | H6: =COUNTIF($C6:$G6,$B6)/COLUMNS($C6:$G6) -> 1 | I6: =MAX(COUNTIF($C6:$G6,$C6),COUNTIF($C6:$G6,$D6),COUNTIF($C6:$G6,$E6),COUNTIF($C6:$G6,$F6),COUNTIF($C6:$G6,$G6)) / COLUMNS($C6:$G6) -> 1 | L6: =L5+1 -> 3 | M6: =Actual!$B4 -> 1 | N6: =classify1!B4 -> 1 | O6: =classify2!B4 -> 1 | P6: =classify3!B4 -> 1 | Q6: =classify4!B4 -> 1 | R6: =classify5!B4 -> 1 | S6: =COUNTIF($N6:$R6,$M6)/COLUMNS($N6:$R6) -> 1 | T6: =MAX(COUNTIF($N6:$R6,$N6),COUNTIF($N6:$R6,$O6),COUNTIF($N6:$R6,$P6),COUNTIF($N6:$R6,$Q6),COUNTIF($N6:$R6,$R6)) / COLUMNS($N6:$R6) -> 1
A7: =A6+1 -> 4 | B7: =Actual!$B5 -> 0 | C7: =prompt1!B5 -> 0 | D7: =prompt2!B5 -> 0 | E7: =prompt3!B5 -> 0 | F7: =prompt4!B5 -> 0 | G7: =prompt5!B5 -> 0 | H7: =COUNTIF($C7:$G7,$B7)/COLUMNS($C7:$G7) -> 1 | I7: =MAX(COUNTIF($C7:$G7,$C7),COUNTIF($C7:$G7,$D7),COUNTIF($C7:$G7,$E7),COUNTIF($C7:$G7,$F7),COUNTIF($C7:$G7,$G7)) / COLUMNS($C7:$G7) -> 1 | L7: =L6+1 -> 4 | M7: =Actual!$B5 -> 0 | N7: =classify1!B5 -> 0 | O7: =classify2!B5 -> 0 | P7: =classify3!B5 -> 0 | Q7: =classify4!B5 -> 0 | R7: =classify5!B5 -> 0 | S7: =COUNTIF($N7:$R7,$M7)/COLUMNS($N7:$R7) -> 1 | T7: =MAX(COUNTIF($N7:$R7,$N7),COUNTIF($N7:$R7,$O7),COUNTIF($N7:$R7,$P7),COUNTIF($N7:$R7,$Q7),COUNTIF($N7:$R7,$R7)) / COLUMNS($N7:$R7) -> 1
A8: =A7+1 -> 5 | B8: =Actual!$B6 -> 1 | C8: =prompt1!B6 -> 1 | D8: =prompt2!B6 -> 1 | E8: =prompt3!B6 -> 1 | F8: =prompt4!B6 -> 1 | G8: =prompt5!B6 -> 1 | H8: =COUNTIF($C8:$G8,$B8)/COLUMNS($C8:$G8) -> 1 | I8: =MAX(COUNTIF($C8:$G8,$C8),COUNTIF($C8:$G8,$D8),COUNTIF($C8:$G8,$E8),COUNTIF($C8:$G8,$F8),COUNTIF($C8:$G8,$G8)) / COLUMNS($C8:$G8) -> 1 | L8: =L7+1 -> 5 | M8: =Actual!$B6 -> 1 | N8: =classify1!B6 -> 1 | O8: =classify2!B6 -> 1 | P8: =classify3!B6 -> 1 | Q8: =classify4!B6 -> 1 | R8: =classify5!B6 -> 1 | S8: =COUNTIF($N8:$R8,$M8)/COLUMNS($N8:$R8) -> 1 | T8: =MAX(COUNTIF($N8:$R8,$N8),COUNTIF($N8:$R8,$O8),COUNTIF($N8:$R8,$P8),COUNTIF($N8:$R8,$Q8),COUNTIF($N8:$R8,$R8)) / COLUMNS($N8:$R8) -> 1
A9: =A8+1 -> 6 | B9: =Actual!$B7 -> 1 | C9: =prompt1!B7 -> 1 | D9: =prompt2!B7 -> 1 | E9: =prompt3!B7 -> 1 | F9: =prompt4!B7 -> 1 | G9: =prompt5!B7 -> 1 | H9: =COUNTIF($C9:$G9,$B9)/COLUMNS($C9:$G9) -> 1 | I9: =MAX(COUNTIF($C9:$G9,$C9),COUNTIF($C9:$G9,$D9),COUNTIF($C9:$G9,$E9),COUNTIF($C9:$G9,$F9),COUNTIF($C9:$G9,$G9)) / COLUMNS($C9:$G9) -> 1 | L9: =L8+1 -> 6 | M9: =Actual!$B7 -> 1 | N9: =classify1!B7 -> 1 | O9: =classify2!B7 -> 1 | P9: =classify3!B7 -> 1 | Q9: =classify4!B7 -> 1 | R9: =classify5!B7 -> 1 | S9: =COUNTIF($N9:$R9,$M9)/COLUMNS($N9:$R9) -> 1 | T9: =MAX(COUNTIF($N9:$R9,$N9),COUNTIF($N9:$R9,$O9),COUNTIF($N9:$R9,$P9),COUNTIF($N9:$R9,$Q9),COUNTIF($N9:$R9,$R9)) / COLUMNS($N9:$R9) -> 1
A10: =A9+1 -> 7 | B10: =Actual!$B8 -> 0 | C10: =prompt1!B8 -> 0 | D10: =prompt2!B8 -> 0 | E10: =prompt3!B8 -> 0 | F10: =prompt4!B8 -> 0 | G10: =prompt5!B8 -> 0 | H10: =COUNTIF($C10:$G10,$B10)/COLUMNS($C10:$G10) -> 1 | I10: =MAX(COUNTIF($C10:$G10,$C10),COUNTIF($C10:$G10,$D10),COUNTIF($C10:$G10,$E10),COUNTIF($C10:$G10,$F10),COUNTIF($C10:$G10,$G10)) / COLUMNS($C10:$G10) -> 1 | L10: =L9+1 -> 7 | M10: =Actual!$B8 -> 0 | N10: =classify1!B8 -> 0 | O10: =classify2!B8 -> 0 | P10: =classify3!B8 -> 0 | Q10: =classify4!B8 -> 0 | R10: =classify5!B8 -> 0 | S10: =COUNTIF($N10:$R10,$M10)/COLUMNS($N10:$R10) -> 1 | T10: =MAX(COUNTIF($N10:$R10,$N10),COUNTIF($N10:$R10,$O10),COUNTIF($N10:$R10,$P10),COUNTIF($N10:$R10,$Q10),COUNTIF($N10:$R10,$R10)) / COLUMNS($N10:$R10) -> 1
A11: =A10+1 -> 8 | B11: =Actual!$B9 -> 0 | C11: =prompt1!B9 -> 0 | D11: =prompt2!B9 -> 0 | E11: =prompt3!B9 -> 0 | F11: =prompt4!B9 -> 0 | G11: =prompt5!B9 -> 0 | H11: =COUNTIF($C11:$G11,$B11)/COLUMNS($C11:$G11) -> 1 | I11: =MAX(COUNTIF($C11:$G11,$C11),COUNTIF($C11:$G11,$D11),COUNTIF($C11:$G11,$E11),COUNTIF($C11:$G11,$F11),COUNTIF($C11:$G11,$G11)) / COLUMNS($C11:$G11) -> 1 | L11: =L10+1 -> 8 | M11: =Actual!$B9 -> 0 | N11: =classify1!B9 -> 0 | O11: =classify2!B9 -> 0 | P11: =classify3!B9 -> 0 | Q11: =classify4!B9 -> 0 | R11: =classify5!B9 -> 0 | S11: =COUNTIF($N11:$R11,$M11)/COLUMNS($N11:$R11) -> 1 | T11: =MAX(COUNTIF($N11:$R11,$N11),COUNTIF($N11:$R11,$O11),COUNTIF($N11:$R11,$P11),COUNTIF($N11:$R11,$Q11),COUNTIF($N11:$R11,$R11)) / COLUMNS($N11:$R11) -> 1
A12: =A11+1 -> 9 | B12: =Actual!$B10 -> 1 | C12: =prompt1!B10 -> 1 | D12: =prompt2!B10 -> 1 | E12: =prompt3!B10 -> 1 | F12: =prompt4!B10 -> 1 | G12: =prompt5!B10 -> 1 | H12: =COUNTIF($C12:$G12,$B12)/COLUMNS($C12:$G12) -> 1 | I12: =MAX(COUNTIF($C12:$G12,$C12),COUNTIF($C12:$G12,$D12),COUNTIF($C12:$G12,$E12),COUNTIF($C12:$G12,$F12),COUNTIF($C12:$G12,$G12)) / COLUMNS($C12:$G12) -> 1 | L12: =L11+1 -> 9 | M12: =Actual!$B10 -> 1 | N12: =classify1!B10 -> 1 | O12: =classify2!B10 -> 1 | P12: =classify3!B10 -> 1 | Q12: =classify4!B10 -> 1 | R12: =classify5!B10 -> 1 | S12: =COUNTIF($N12:$R12,$M12)/COLUMNS($N12:$R12) -> 1 | T12: =MAX(COUNTIF($N12:$R12,$N12),COUNTIF($N12:$R12,$O12),COUNTIF($N12:$R12,$P12),COUNTIF($N12:$R12,$Q12),COUNTIF($N12:$R12,$R12)) / COLUMNS($N12:$R12) -> 1
A13: =A12+1 -> 10 | B13: =Actual!$B11 -> 1 | C13: =prompt1!B11 -> 0 | D13: =prompt2!B11 -> 1 | E13: =prompt3!B11 -> 1 | F13: =prompt4!B11 -> 1 | G13: =prompt5!B11 -> 1 | H13: =COUNTIF($C13:$G13,$B13)/COLUMNS($C13:$G13) -> 0.8 | I13: =MAX(COUNTIF($C13:$G13,$C13),COUNTIF($C13:$G13,$D13),COUNTIF($C13:$G13,$E13),COUNTIF($C13:$G13,$F13),COUNTIF($C13:$G13,$G13)) / COLUMNS($C13:$G13) -> 0.8 | L13: =L12+1 -> 10 | M13: =Actual!$B11 -> 1 | N13: =classify1!B11 -> 0 | O13: =classify2!B11 -> 1 | P13: =classify3!B11 -> 0 | Q13: =classify4!B11 -> 1 | R13: =classify5!B11 -> 1 | S13: =COUNTIF($N13:$R13,$M13)/COLUMNS($N13:$R13) -> 0.6 | T13: =MAX(COUNTIF($N13:$R13,$N13),COUNTIF($N13:$R13,$O13),COUNTIF($N13:$R13,$P13),COUNTIF($N13:$R13,$Q13),COUNTIF($N13:$R13,$R13)) / COLUMNS($N13:$R13) -> 0.6
A14: =A13+1 -> 11 | B14: =Actual!$B12 -> 0 | C14: =prompt1!B12 -> 0 | D14: =prompt2!B12 -> 1 | E14: =prompt3!B12 -> 1 | F14: =prompt4!B12 -> 1 | G14: =prompt5!B12 -> 1 | H14: =COUNTIF($C14:$G14,$B14)/COLUMNS($C14:$G14) -> 0.2 | I14: =MAX(COUNTIF($C14:$G14,$C14),COUNTIF($C14:$G14,$D14),COUNTIF($C14:$G14,$E14),COUNTIF($C14:$G14,$F14),COUNTIF($C14:$G14,$G14)) / COLUMNS($C14:$G14) -> 0.8 | L14: =L13+1 -> 11 | M14: =Actual!$B12 -> 0 | N14: =classify1!B12 -> 0 | O14: =classify2!B12 -> 1 | P14: =classify3!B12 -> 0 | Q14: =classify4!B12 -> 1 | R14: =classify5!B12 -> 1 | S14: =COUNTIF($N14:$R14,$M14)/COLUMNS($N14:$R14) -> 0.4 | T14: =MAX(COUNTIF($N14:$R14,$N14),COUNTIF($N14:$R14,$O14),COUNTIF($N14:$R14,$P14),COUNTIF($N14:$R14,$Q14),COUNTIF($N14:$R14,$R14)) / COLUMNS($N14:$R14) -> 0.6
A15: =A14+1 -> 12 | B15: =Actual!$B13 -> 0 | C15: =prompt1!B13 -> 0 | D15: =prompt2!B13 -> 0 | E15: =prompt3!B13 -> 0 | F15: =prompt4!B13 -> 0 | G15: =prompt5!B13 -> 0 | H15: =COUNTIF($C15:$G15,$B15)/COLUMNS($C15:$G15) -> 1 | I15: =MAX(COUNTIF($C15:$G15,$C15),COUNTIF($C15:$G15,$D15),COUNTIF($C15:$G15,$E15),COUNTIF($C15:$G15,$F15),COUNTIF($C15:$G15,$G15)) / COLUMNS($C15:$G15) -> 1 | L15: =L14+1 -> 12 | M15: =Actual!$B13 -> 0 | N15: =classify1!B13 -> 0 | O15: =classify2!B13 -> 0 | P15: =classify3!B13 -> 0 | Q15: =classify4!B13 -> 0 | R15: =classify5!B13 -> 0 | S15: =COUNTIF($N15:$R15,$M15)/COLUMNS($N15:$R15) -> 1 | T15: =MAX(COUNTIF($N15:$R15,$N15),COUNTIF($N15:$R15,$O15),COUNTIF($N15:$R15,$P15),COUNTIF($N15:$R15,$Q15),COUNTIF($N15:$R15,$R15)) / COLUMNS($N15:$R15) -> 1
A16: =A15+1 -> 13 | B16: =Actual!$B14 -> 1 | C16: =prompt1!B14 -> 1 | D16: =prompt2!B14 -> 1 | E16: =prompt3!B14 -> 1 | F16: =prompt4!B14 -> 1 | G16: =prompt5!B14 -> 1 | H16: =COUNTIF($C16:$G16,$B16)/COLUMNS($C16:$G16) -> 1 | I16: =MAX(COUNTIF($C16:$G16,$C16),COUNTIF($C16:$G16,$D16),COUNTIF($C16:$G16,$E16),COUNTIF($C16:$G16,$F16),COUNTIF($C16:$G16,$G16)) / COLUMNS($C16:$G16) -> 1 | L16: =L15+1 -> 13 | M16: =Actual!$B14 -> 1 | N16: =classify1!B14 -> 1 | O16: =classify2!B14 -> 1 | P16: =classify3!B14 -> 1 | Q16: =classify4!B14 -> 1 | R16: =classify5!B14 -> 1 | S16: =COUNTIF($N16:$R16,$M16)/COLUMNS($N16:$R16) -> 1 | T16: =MAX(COUNTIF($N16:$R16,$N16),COUNTIF($N16:$R16,$O16),COUNTIF($N16:$R16,$P16),COUNTIF($N16:$R16,$Q16),COUNTIF($N16:$R16,$R16)) / COLUMNS($N16:$R16) -> 1
... A66: =A65+1 -> 63 | B66: =Actual!$B64 -> 0 | C66: =prompt1!B64 -> 1 | D66: =prompt2!B64 -> 1 | E66: =prompt3!B64 -> 1 | F66: =prompt4!B64 -> 1 | G66: =prompt5!B64 -> 1 | H66: =COUNTIF($C66:$G66,$B66)/COLUMNS($C66:$G66) -> 0 | I66: =MAX(COUNTIF($C66:$G66,$C66),COUNTIF($C66:$G66,$D66),COUNTIF($C66:$G66,$E66),COUNTIF($C66:$G66,$F66),COUNTIF($C66:$G66,$G66)) / COLUMNS($C66:$G66) -> 1 | L66: =L65+1 -> 63 | M66: =Actual!$B64 -> 0 | N66: =classify1!B64 -> 1 | O66: =classify2!B64 -> 1 | P66: =classify3!B64 -> 1 | Q66: =classify4!B64 -> 1 | R66: =classify5!B64 -> 1 | S66: =COUNTIF($N66:$R66,$M66)/COLUMNS($N66:$R66) -> 0 | T66: =MAX(COUNTIF($N66:$R66,$N66),COUNTIF($N66:$R66,$O66),COUNTIF($N66:$R66,$P66),COUNTIF($N66:$R66,$Q66),COUNTIF($N66:$R66,$R66)) / COLUMNS($N66:$R66) -> 1
B67: AVG accuracy | C67: {=SUMPRODUCT(--(C4:C66=B4:B66)) / COUNTA(B4:B66)} -> 0.82539683 | D67: {=SUMPRODUCT(--(D4:D66=B4:B66)) / COUNTA(B4:B66)} -> 0.84126984 | E67: {=SUMPRODUCT(--(E4:E66=B4:B66)) / COUNTA(B4:B66)} -> 0.84126984 | F67: {=SUMPRODUCT(--(F4:F66=B4:B66)) / COUNTA(B4:B66)} -> 0.84126984 | G67: {=SUMPRODUCT(--(G4:G66=B4:B66)) / COUNTA(B4:B66)} -> 0.84126984 | H67: =AVERAGE(H4:H66) -> 0.83809524 | I67: =AVERAGE(I4:J66) -> 0.99047619 | M67: AVG accuracy | N67: {=SUMPRODUCT(--(N4:N66=M4:M66)) / COUNTA(M4:M66)} -> 0.82539683 | O67: {=SUMPRODUCT(--(O4:O66=M4:M66)) / COUNTA(M4:M66)} -> 0.84126984 | P67: {=SUMPRODUCT(--(P4:P66=M4:M66)) / COUNTA(M4:M66)} -> 0.82539683 | Q67: {=SUMPRODUCT(--(Q4:Q66=M4:M66)) / COUNTA(M4:M66)} -> 0.84126984 | R67: {=SUMPRODUCT(--(R4:R66=M4:M66)) / COUNTA(M4:M66)} -> 0.84126984 | S67: =AVERAGE(S4:S66) -> 0.83492063 | T67: =AVERAGE(T4:T66) -> 0.98095238

Sheet prompt1
A1: Patient | B1: cancer_prediction | C1: confidence | D1: reasoning
A2: 1 | B2: 1 | C2: 85 | D2: Elevated CA19-9 (422.0 U/mL) with suspicious biomarker profile suggests high likelihood of cancer.
A3: 2 | B3: 0 | C3: 85 | D3: Normal CA19-9 (30.0 U/mL) and age-appropriate biomarker profile indicate low risk of pancreatic cancer.
A4: 3 | B4: 1 | C4: 87 | D4: Markedly elevated CA19-9 (11740.0 U/mL) in a 66yo is strongly indicative of pancreatic malignancy.
A5: 4 | B5: 0 | C5: 85 | D5: Normal CA19-9 (6.71 U/mL) and age-appropriate biomarker profile indicate low risk of pancreatic cancer.
A6: 5 | B6: 1 | C6: 78 | D6: Markedly elevated CA19-9 (1621.0 U/mL) in a 76yo is strongly indicative of pancreatic malignancy.
A7: 6 | B7: 1 | C7: 77 | D7: Markedly elevated CA19-9 (538.0 U/mL) in a 73yo is strongly indicative of pancreatic malignancy.
A8: 7 | B8: 0 | C8: 85 | D8: Normal CA19-9 (6.9 U/mL) and age-appropriate biomarker profile indicate low risk of pancreatic cancer.
A9: 8 | B9: 0 | C9: 85 | D9: Normal CA19-9 (31.24 U/mL) and age-appropriate biomarker profile indicate low risk of pancreatic cancer.
A10: 9 | B10: 1 | C10: 85 | D10: Elevated CA19-9 (468.3 U/mL) with suspicious biomarker profile suggests high likelihood of cancer.
A11: 10 | B11: 0 | C11: 65 | D11: Mildly elevated CA19-9 (66.0 U/mL) but younger age and parameters do not definitively point to cancer.
A12: 11 | B12: 0 | C12: 65 | D12: Mildly elevated CA19-9 (50.0 U/mL) but younger age and parameters do not definitively point to cancer.
A13: 12 | B13: 0 | C13: 85 | D13: Normal CA19-9 (22.0 U/mL) and age-appropriate biomarker profile indicate low risk of pancreatic cancer.
... A64: 63 | B64: 1 | C64: 85 | D64: Elevated CA19-9 (114.8 U/mL) with suspicious biomarker profile suggests high likelihood of cancer.

Sheet prompt2
A1: Patient | B1: cancer_prediction | C1: confidence | D1: reasoning
A2: 1 | B2: 1 | C2: 92 | D2: Significantly elevated CA19-9 levels (422.0 U/mL) are highly suspicious for malignancy.
A3: 2 | B3: 0 | C3: 80 | D3: CA19-9 (30.0 U/mL) is within normal limits; low suspicion for cancer.
A4: 3 | B4: 1 | C4: 98 | D4: Extremely high CA19-9 levels (>1000 U/mL) strongly indicate pancreatic cancer.
A5: 4 | B5: 0 | C5: 95 | D5: CA19-9 is well within normal physiological limits (<10 U/mL), minimizing likelihood of pancreatic cancer.
A6: 5 | B6: 1 | C6: 98 | D6: Extremely high CA19-9 levels (>1000 U/mL) strongly indicate pancreatic cancer.
A7: 6 | B7: 1 | C7: 92 | D7: Significantly elevated CA19-9 levels (538.0 U/mL) are highly suspicious for malignancy.
A8: 7 | B8: 0 | C8: 95 | D8: CA19-9 is well within normal physiological limits (<10 U/mL), minimizing likelihood of pancreatic cancer.
A9: 8 | B9: 0 | C9: 80 | D9: CA19-9 (31.24 U/mL) is within normal limits; low suspicion for cancer.
A10: 9 | B10: 1 | C10: 92 | D10: Significantly elevated CA19-9 levels (468.3 U/mL) are highly suspicious for malignancy.
A11: 10 | B11: 1 | C11: 75 | D11: Elevated CA19-9 (66.0 U/mL) exceeds normal upper limit (37 U/mL), warranting clinical suspicion.
A12: 11 | B12: 1 | C12: 75 | D12: Elevated CA19-9 (50.0 U/mL) exceeds normal upper limit (37 U/mL), warranting clinical suspicion.
A13: 12 | B13: 0 | C13: 80 | D13: CA19-9 (22.0 U/mL) is within normal limits; low suspicion for cancer.
... A64: 63 | B64: 1 | C64: 85 | D64: CA19-9 (114.8 U/mL) is well above diagnostic thresholds, suggesting likely tumor presence.

Sheet prompt3
A1: Patient | B1: cancer_prediction | C1: confidence | D1: reasoning
A2: 1 | B2: 1 | C2: 80 | D2: Elevated CA19-9 (422.0); markedly high CA19-9; Age 68 is a risk factor
A3: 2 | B3: 0 | C3: 60 | D3: Normal CA19-9 (30.0); Age 62 is a risk factor
A4: 3 | B4: 1 | C4: 95 | D4: Elevated CA19-9 (11740.0); markedly high CA19-9; very high CA19-9 strongly suggests malignancy; Age 66 is a risk factor
A5: 4 | B5: 0 | C5: 60 | D5: Normal CA19-9 (6.71)
A6: 5 | B6: 1 | C6: 95 | D6: Elevated CA19-9 (1621.0); markedly high CA19-9; very high CA19-9 strongly suggests malignancy; Age 76 is a risk factor
A7: 6 | B7: 1 | C7: 95 | D7: Elevated CA19-9 (538.0); markedly high CA19-9; very high CA19-9 strongly suggests malignancy; Age 73 is a risk factor
A8: 7 | B8: 0 | C8: 60 | D8: Normal CA19-9 (6.9); Age 67 is a risk factor
A9: 8 | B9: 0 | C9: 60 | D9: Normal CA19-9 (31.24); Age 67 is a risk factor
A10: 9 | B10: 1 | C10: 80 | D10: Elevated CA19-9 (468.3); markedly high CA19-9
A11: 10 | B11: 1 | C11: 70 | D11: Elevated CA19-9 (66.0)
A12: 11 | B12: 1 | C12: 70 | D12: Elevated CA19-9 (50.0)
A13: 12 | B13: 0 | C13: 60 | D13: Normal CA19-9 (22.0); Age 71 is a risk factor
... A64: 63 | B64: 1 | C64: 80 | D64: Elevated CA19-9 (114.8); markedly high CA19-9

Sheet prompt4
A1: Patient | B1: cancer_prediction | C1: confidence | D1: reasoning
A2: 1 | B2: 1 | C2: 92 | D2: CA19-9 levels are significantly elevated (422.0 U/mL), highly suspicious for pancreatic malignancy.
A3: 2 | B3: 0 | C3: 70 | D3: CA19-9 is within normal limits (30.0 U/mL), lowering suspicion for pancreatic cancer.
A4: 3 | B4: 1 | C4: 99 | D4: CA19-9 levels are significantly elevated (11740.0 U/mL), highly suspicious for pancreatic malignancy.
A5: 4 | B5: 0 | C5: 94 | D5: CA19-9 is within normal limits (6.71 U/mL), lowering suspicion for pancreatic cancer.
A6: 5 | B6: 1 | C6: 99 | D6: CA19-9 levels are significantly elevated (1621.0 U/mL), highly suspicious for pancreatic malignancy.
A7: 6 | B7: 1 | C7: 99 | D7: CA19-9 levels are significantly elevated (538.0 U/mL), highly suspicious for pancreatic malignancy.
A8: 7 | B8: 0 | C8: 94 | D8: CA19-9 is within normal limits (6.9 U/mL), lowering suspicion for pancreatic cancer.
A9: 8 | B9: 0 | C9: 69 | D9: CA19-9 is within normal limits (31.24 U/mL), lowering suspicion for pancreatic cancer.
A10: 9 | B10: 1 | C10: 96 | D10: CA19-9 levels are significantly elevated (468.3 U/mL), highly suspicious for pancreatic malignancy.
A11: 10 | B11: 1 | C11: 65 | D11: CA19-9 is elevated above normal threshold (66.0 U/mL), indicating potential malignancy.
A12: 11 | B12: 1 | C12: 65 | D12: CA19-9 is elevated above normal threshold (50.0 U/mL), indicating potential malignancy.
A13: 12 | B13: 0 | C13: 78 | D13: CA19-9 is within normal limits (22.0 U/mL), lowering suspicion for pancreatic cancer.
... A64: 63 | B64: 1 | C64: 61 | D64: CA19-9 levels are significantly elevated (114.8 U/mL), highly suspicious for pancreatic malignancy.

Sheet prompt5
A1: Patient | B1: cancer_prediction | C1: confidence | D1: reasoning
A2: 1 | B2: 1 | C2: 85 | D2: Significantly elevated CA19-9 (422.0 U/mL) raises high clinical suspicion for pancreatic cancer.
A3: 2 | B3: 0 | C3: 65 | D3: CA19-9 levels (30.0 U/mL) are below the abnormal threshold of 37 U/mL, but warrant standard monitoring.
A4: 3 | B4: 1 | C4: 95 | D4: Markedly elevated CA19-9 (11740.0 U/mL) strongly indicates pancreatic malignancy.
A5: 4 | B5: 0 | C5: 90 | D5: CA19-9 levels are well within normal limits (6.71 U/mL), indicating low likelihood of pancreatic cancer.
A6: 5 | B6: 1 | C6: 95 | D6: Markedly elevated CA19-9 (1621.0 U/mL) strongly indicates pancreatic malignancy.
A7: 6 | B7: 1 | C7: 95 | D7: Markedly elevated CA19-9 (538.0 U/mL) strongly indicates pancreatic malignancy.
A8: 7 | B8: 0 | C8: 90 | D8: CA19-9 levels are well within normal limits (6.9 U/mL), indicating low likelihood of pancreatic cancer.
A9: 8 | B9: 0 | C9: 65 | D9: CA19-9 levels (31.24 U/mL) are below the abnormal threshold of 37 U/mL, but warrant standard monitoring.
A10: 9 | B10: 1 | C10: 85 | D10: Significantly elevated CA19-9 (468.3 U/mL) raises high clinical suspicion for pancreatic cancer.
A11: 10 | B11: 1 | C11: 70 | D11: Mildly elevated CA19-9 (66.0 U/mL) above the 37 U/mL threshold suggests possible presence of cancer.
A12: 11 | B12: 1 | C12: 70 | D12: Mildly elevated CA19-9 (50.0 U/mL) above the 37 U/mL threshold suggests possible presence of cancer.
A13: 12 | B13: 0 | C13: 80 | D13: CA19-9 levels are normal (22.0 U/mL), suggesting no evidence of pancreatic cancer.
... A64: 63 | B64: 1 | C64: 85 | D64: Significantly elevated CA19-9 (114.8 U/mL) raises high clinical suspicion for pancreatic cancer.

Sheet classify1
A1: Patient | B1: cancer_prediction | C1: confidence | D1: reasoning
A2: 1 | B2: 1 | C2: 85 | D2: Elevated CA19-9 (422.0 U/mL) with suspicious biomarker profile suggests high likelihood of cancer.
A3: 2 | B3: 0 | C3: 85 | D3: Normal CA19-9 (30.0 U/mL) and age-appropriate biomarker profile indicate low risk of pancreatic cancer.
A4: 3 | B4: 1 | C4: 87 | D4: Markedly elevated CA19-9 (11740.0 U/mL) in a 66yo is strongly indicative of pancreatic malignancy.
A5: 4 | B5: 0 | C5: 85 | D5: Normal CA19-9 (6.71 U/mL) and age-appropriate biomarker profile indicate low risk of pancreatic cancer.
A6: 5 | B6: 1 | C6: 78 | D6: Markedly elevated CA19-9 (1621.0 U/mL) in a 76yo is strongly indicative of pancreatic malignancy.
A7: 6 | B7: 1 | C7: 77 | D7: Markedly elevated CA19-9 (538.0 U/mL) in a 73yo is strongly indicative of pancreatic malignancy.
A8: 7 | B8: 0 | C8: 85 | D8: Normal CA19-9 (6.9 U/mL) and age-appropriate biomarker profile indicate low risk of pancreatic cancer.
A9: 8 | B9: 0 | C9: 85 | D9: Normal CA19-9 (31.24 U/mL) and age-appropriate biomarker profile indicate low risk of pancreatic cancer.
A10: 9 | B10: 1 | C10: 85 | D10: Elevated CA19-9 (468.3 U/mL) with suspicious biomarker profile suggests high likelihood of cancer.
A11: 10 | B11: 0 | C11: 65 | D11: Mildly elevated CA19-9 (66.0 U/mL) but younger age and parameters do not definitively point to cancer.
A12: 11 | B12: 0 | C12: 65 | D12: Mildly elevated CA19-9 (50.0 U/mL) but younger age and parameters do not definitively point to cancer.
A13: 12 | B13: 0 | C13: 85 | D13: Normal CA19-9 (22.0 U/mL) and age-appropriate biomarker profile indicate low risk of pancreatic cancer.
... A64: 63 | B64: 1 | C64: 85 | D64: Elevated CA19-9 (114.8 U/mL) with suspicious biomarker profile suggests high likelihood of cancer.

Sheet classify2
A1: Patient | B1: cancer_prediction | C1: confidence | D1: reasoning
A2: 1 | B2: 1 | C2: 78 | D2: Significantly elevated CA19-9 (422.0 U/mL), highly indicative of pancreatic cancer.
A3: 2 | B3: 0 | C3: 85 | D3: Normal CA19-9 (30.0 U/mL), suggesting lower risk of pancreatic cancer.
A4: 3 | B4: 1 | C4: 99 | D4: Significantly elevated CA19-9 (11740.0 U/mL), highly indicative of pancreatic cancer.
A5: 4 | B5: 0 | C5: 85 | D5: Normal CA19-9 (6.71 U/mL), suggesting lower risk of pancreatic cancer.
A6: 5 | B6: 1 | C6: 99 | D6: Significantly elevated CA19-9 (1621.0 U/mL), highly indicative of pancreatic cancer.
A7: 6 | B7: 1 | C7: 80 | D7: Significantly elevated CA19-9 (538.0 U/mL), highly indicative of pancreatic cancer.
A8: 7 | B8: 0 | C8: 85 | D8: Normal CA19-9 (6.9 U/mL), suggesting lower risk of pancreatic cancer.
A9: 8 | B9: 0 | C9: 85 | D9: Normal CA19-9 (31.24 U/mL), suggesting lower risk of pancreatic cancer.
A10: 9 | B10: 1 | C10: 79 | D10: Significantly elevated CA19-9 (468.3 U/mL), highly indicative of pancreatic cancer.
A11: 10 | B11: 1 | C11: 75 | D11: Elevated CA19-9 (66.0 U/mL), suspicious for malignancy.
A12: 11 | B12: 1 | C12: 75 | D12: Elevated CA19-9 (50.0 U/mL), suspicious for malignancy.
A13: 12 | B13: 0 | C13: 85 | D13: Normal CA19-9 (22.0 U/mL), suggesting lower risk of pancreatic cancer.
... A64: 63 | B64: 1 | C64: 72 | D64: Significantly elevated CA19-9 (114.8 U/mL), highly indicative of pancreatic cancer.

Sheet classify3
A1: Patient | B1: cancer_prediction | C1: confidence | D1: reasoning
A2: 1 | B2: 1 | C2: 75 | D2: Elevated CA19-9 (422.0 U/mL) in an older patient (age 68) is concerning for pancreatic cancer.
A3: 2 | B3: 0 | C3: 80 | D3: Normal CA19-9 (30.0 U/mL) reduces likelihood of pancreatic cancer despite age 62.
A4: 3 | B4: 1 | C4: 95 | D4: Markedly elevated CA19-9 (11740.0 U/mL) and age 66 are highly suspicious for pancreatic cancer.
A5: 4 | B5: 0 | C5: 80 | D5: Normal CA19-9 (6.71 U/mL) reduces likelihood of pancreatic cancer despite age 55.
A6: 5 | B6: 1 | C6: 95 | D6: Markedly elevated CA19-9 (1621.0 U/mL) and age 76 are highly suspicious for pancreatic cancer.
A7: 6 | B7: 1 | C7: 85 | D7: Significantly elevated CA19-9 (538.0 U/mL) raises strong suspicion for malignancy.
A8: 7 | B8: 0 | C8: 80 | D8: Normal CA19-9 (6.9 U/mL) reduces likelihood of pancreatic cancer despite age 67.
A9: 8 | B9: 0 | C9: 80 | D9: Normal CA19-9 (31.24 U/mL) reduces likelihood of pancreatic cancer despite age 67.
A10: 9 | B10: 1 | C10: 70 | D10: Elevated CA19-9 (468.3 U/mL) suggests possible malignancy despite younger age (29).
A11: 10 | B11: 0 | C11: 65 | D11: Mildly elevated CA19-9 (66.0 U/mL) but lower pretest probability given age 58.
A12: 11 | B12: 0 | C12: 65 | D12: Mildly elevated CA19-9 (50.0 U/mL) but lower pretest probability given age 48.
A13: 12 | B13: 0 | C13: 80 | D13: Normal CA19-9 (22.0 U/mL) reduces likelihood of pancreatic cancer despite age 71.
... A64: 63 | B64: 1 | C64: 70 | D64: Elevated CA19-9 (114.8 U/mL) suggests possible malignancy despite younger age (46).

Sheet classify4
A1: Patient | B1: cancer_prediction | C1: confidence | D1: reasoning
A2: 1 | B2: 1 | C2: 96 | D2: Markedly elevated CA19-9 (422.0 U/mL) and age 68 present a strong clinical picture for pancreatic malignancy.
A3: 2 | B3: 0 | C3: 65 | D3: CA19-9 (30.0 U/mL) is within normal limits; low suspicion for pancreatic cancer.
A4: 3 | B4: 1 | C4: 99 | D4: Markedly elevated CA19-9 (11740.0 U/mL) and age 66 present a strong clinical picture for pancreatic malignancy.
A5: 4 | B5: 0 | C5: 89 | D5: CA19-9 (6.71 U/mL) is within normal limits; low suspicion for pancreatic cancer.
A6: 5 | B6: 1 | C6: 99 | D6: Markedly elevated CA19-9 (1621.0 U/mL) and age 76 present a strong clinical picture for pancreatic malignancy.
A7: 6 | B7: 1 | C7: 99 | D7: Markedly elevated CA19-9 (538.0 U/mL) and age 73 present a strong clinical picture for pancreatic malignancy.
A8: 7 | B8: 0 | C8: 89 | D8: CA19-9 (6.9 U/mL) is within normal limits; low suspicion for pancreatic cancer.
A9: 8 | B9: 0 | C9: 64 | D9: CA19-9 (31.24 U/mL) is within normal limits; low suspicion for pancreatic cancer.
A10: 9 | B10: 1 | C10: 93 | D10: Markedly elevated CA19-9 (468.3 U/mL) and age 29 present a strong clinical picture for pancreatic malignancy.
A11: 10 | B11: 1 | C11: 74 | D11: Elevated CA19-9 (66.0 U/mL) above the standard 37 U/mL threshold raises suspicion for cancer.
A12: 11 | B12: 1 | C12: 66 | D12: Elevated CA19-9 (50.0 U/mL) above the standard 37 U/mL threshold raises suspicion for cancer.
A13: 12 | B13: 0 | C13: 63 | D13: CA19-9 (22.0 U/mL) is within normal limits; low suspicion for pancreatic cancer.
... A64: 63 | B64: 1 | C64: 75 | D64: Markedly elevated CA19-9 (114.8 U/mL) and age 46 present a strong clinical picture for pancreatic malignancy.

Sheet classify5
A1: Patient | B1: cancer_prediction | C1: confidence | D1: reasoning
A2: 1 | B2: 1 | C2: 85 | D2: Significantly elevated CA19-9 (422.0) raises strong suspicion for pancreatic cancer.
A3: 2 | B3: 0 | C3: 65 | D3: CA19-9 (30.0) is normal but borderline.
A4: 3 | B4: 1 | C4: 95 | D4: Markedly elevated CA19-9 (11740.0) is highly indicative of pancreatic malignancy.
A5: 4 | B5: 0 | C5: 90 | D5: CA19-9 (6.71) is well within normal limits (<37) making pancreatic cancer unlikely.
A6: 5 | B6: 1 | C6: 95 | D6: Markedly elevated CA19-9 (1621.0) is highly indicative of pancreatic malignancy.
A7: 6 | B7: 1 | C7: 95 | D7: Markedly elevated CA19-9 (538.0) is highly indicative of pancreatic malignancy.
A8: 7 | B8: 0 | C8: 90 | D8: CA19-9 (6.9) is well within normal limits (<37) making pancreatic cancer unlikely.
A9: 8 | B9: 0 | C9: 65 | D9: CA19-9 (31.24) is normal but borderline.
A10: 9 | B10: 1 | C10: 85 | D10: Significantly elevated CA19-9 (468.3) raises strong suspicion for pancreatic cancer.
A11: 10 | B11: 1 | C11: 70 | D11: CA19-9 (66.0) is above normal threshold (37) suggesting possible pancreatic cancer.
A12: 11 | B12: 1 | C12: 70 | D12: CA19-9 (50.0) is above normal threshold (37) suggesting possible pancreatic cancer.
A13: 12 | B13: 0 | C13: 65 | D13: CA19-9 (22.0) is normal but borderline.
... A64: 63 | B64: 1 | C64: 85 | D64: Significantly elevated CA19-9 (114.8) raises strong suspicion for pancreatic cancer.

Sheet appendix
A1: Row accuracy | B1: How many of the 5 runs got the ground truth right for this patient
A3: Consensus rate | B3: How much the 5 runs agree with each other
A5: Column correct average | B5: Overall accuracy per prompt
A8: Prompts | B8: prompt 1 was used for the 5 same runs
A10: 1 | B10: You are a clinical assistant analyzing records of patients undergoing evaluation for pancreatic cancer. Your role is to assess each patient based solely on general medical knowledge and the provided patient parameters (biomarkers and demographics). Do NOT treat any CSV as training data and do NOT reference learning from files. Make each prediction independently using clinical reasoning. You must assign: 1. **Cancer Status (0 = no cancer, 1 = cancer present)** Be decisive. Do NOT default to the safer-sounding label. Use the full confidence range (0–100). ----------------------------------------------------- TASK – CANCER STATUS CLASSIFICATION ----------------------------------------------------- Choose one: - 0 = No pancreatic cancer detected - 1 = Pancreatic cancer likely present ----------------------------------------------------- RESPONSE FORMAT (CSV ONLY) ----------------------------------------------------- Return your predictions in CSV format with the following columns: patient_id,cancer_prediction,confidence,reasoning Rules: - Output CSV only. No explanations outside the table. - One row per patient. - Use 0 or 1 for cancer_prediction. - confidence must be an integer from 0 to 100. - reasoning must be a brief, clinically grounded explanation based on the provided parameters.
A11: 2 | B11: You are a clinical assistant analyzing records of patients undergoing evaluation for pancreatic cancer. Your role is to assess each patient based solely on general medical knowledge and the provided patient parameters (biomarkers and demographics). Do NOT treat any CSV as training data and do NOT reference learning from files. Make each prediction independently using clinical reasoning. You must assign: 1. **Cancer Status (0 = no cancer, 1 = cancer present)** Be decisive. Do NOT default to the safer-sounding label. Use the full confidence range (0–100). --- ## TASK – CANCER STATUS CLASSIFICATION Choose one: * 0 = No pancreatic cancer detected * 1 = Pancreatic cancer likely present --- ## RESPONSE FORMAT (CSV ONLY) Return your predictions in CSV format with the following columns: patient_id,cancer_prediction,confidence,reasoning Rules: * Output CSV only. No text outside the table. * One row per patient. * Use 0 or 1 for cancer_prediction. * confidence must be an integer from 0 to 100. * reasoning must be a brief, clinically grounded explanation based on the provided parameters.
A12: 3 | B12: You are a clinical assistant reviewing records for patients being evaluated for pancreatic cancer. Your task is to assess each patient using only general medical knowledge and the provided patient parameters (biomarkers and demographics). Do NOT treat any CSV input as training data and do NOT reference learning from files. Evaluate each patient independently using clinical reasoning. You must assign: 1. **Cancer Status (0 = no cancer, 1 = cancer present)** Be decisive. Do NOT default to the safer-sounding label. Use the full confidence range (0–100). --- ## TASK – PANCREATIC CANCER STATUS CLASSIFICATION Select one: * 0 = No pancreatic cancer detected * 1 = Pancreatic cancer likely present --- ## RESPONSE FORMAT (CSV ONLY) Return predictions in CSV format with the following columns: patient_id,cancer_prediction,confidence,reasoning Rules: * Output CSV only. Do not include any text outside the table. * Provide one row per patient. * Use 0 or 1 for cancer_prediction. * confidence must be an integer between 0 and 100. * reasoning must be a brief, clinically grounded justification based solely on the provided parameters.
A13: 4 | B13: You are a clinical assistant reviewing records of patients being evaluated for pancreatic cancer. Your task is to assess each patient using only general medical knowledge and the provided patient parameters (biomarkers and demographics). Do NOT treat any CSV as training data and do NOT imply learning from files. Evaluate each case independently using clinical reasoning. You must assign: 1. **Cancer Status (0 = no cancer, 1 = cancer present)** Be decisive—do NOT default to the safer-sounding label. Use the full confidence range (0–100). --- ## TASK – CANCER STATUS CLASSIFICATION Select one: * 0 = No pancreatic cancer detected * 1 = Pancreatic cancer likely present --- ## RESPONSE FORMAT (CSV ONLY) Return predictions in CSV format with the following columns: patient_id,cancer_prediction,confidence,reasoning Rules: * Output CSV only; no text outside the table. * One row per patient. * cancer_prediction must be 0 or 1. * confidence must be an integer from 0 to 100. * reasoning must be a brief, clinically grounded explanation based on the provided parameters.
A14: 5 | B14: You are a clinical decision-support assistant reviewing records of patients being evaluated for pancreatic cancer. Your task is to assess each patient using only general medical knowledge and the provided patient-specific information (demographics and biomarkers). Do NOT treat any CSV or file as training data, and do NOT reference learning from datasets or files. Evaluate each patient independently using clinical reasoning only. You must assign: 1. **Cancer Status (0 = no cancer, 1 = cancer present)** Make a clear determination. Do NOT default to the safer-sounding option. Use the full confidence scale (0–100). --- ## TASK – CANCER STATUS CLASSIFICATION Select one: * 0 = No evidence of pancreatic cancer * 1 = Pancreatic cancer likely present --- ## RESPONSE FORMAT (CSV ONLY) Return your predictions strictly in CSV format with the following columns: patient_id,cancer_prediction,confidence,reasoning Rules: * Output CSV only; do not include any text outside the table. * Provide exactly one row per patient. * Use only 0 or 1 for cancer_prediction. * confidence must be an integer from 0 to 100. * reasoning should be a concise, clinically grounded justification based solely on the provided parameters.

Sheet Sheet1

Sheet Sheet2
